id,,,1,2,3,4,5,6,7,8,9,10,11,12,13,14,15,16,17,18,19,20,21,22,23,24,25,26,27,28,29,30,31,32,33,34,35,36,37,38,39,40,41,42,43,44,45,46,47,48,49,50,51,52,53,54,55,56,57,58,59,60,61,62,63,64,65,66,67,68,69,70,71,72,73,74,75,76,77,78,79,80,81,82,83,84,85,86,87,88,89,90,91,92,93,94,95,96,97,98,99,100,101,102,103,104,105,106,107,108,109,110,111,112,113,114,115,116,117,118,119,120
D10M44,1,0,B,-,-,B,H,H,H,H,A,B,A,A,A,H,A,H,A,B,H,H,H,B,A,H,-,-,-,-,H,A,A,A,B,B,B,H,H,B,B,H,B,A,B,H,A,H,H,H,H,-,B,-,A,B,A,H,H,B,H,H,B,H,H,H,A,H,H,H,A,H,H,B,H,-,B,-,H,-,A,A,H,B,H,H,H,H,A,B,A,H,A,H,-,-,-,H,-,-,-,B,A,A,-,B,-,A,B,B,H,A,B,H,A,H,B,H,A,H,A,A
D1M3,1,0.99675,B,B,H,B,H,H,H,H,A,B,H,A,A,H,A,H,A,B,H,H,H,B,A,H,H,H,H,H,H,A,A,A,B,B,B,H,H,B,B,B,B,A,B,H,A,H,H,H,H,H,B,B,-,B,-,H,-,B,H,H,B,H,H,H,A,H,H,H,A,H,H,B,H,H,B,H,H,H,A,A,H,B,H,H,H,H,A,B,A,H,A,H,H,H,H,H,A,H,B,B,A,A,B,B,H,H,B,B,H,A,B,H,A,H,B,H,A,H,A,A
D1M75,1,24.84773,B,B,H,H,H,B,H,H,H,H,H,H,H,A,H,B,A,H,A,H,H,H,A,H,H,B,H,H,H,A,H,H,H,B,B,B,H,B,H,B,B,A,B,H,A,A,H,A,H,H,B,B,H,B,H,B,H,B,H,H,B,H,H,H,H,H,H,A,A,H,H,B,H,-,H,A,H,H,H,A,B,A,H,H,H,B,A,B,H,H,-,-,-,-,-,-,-,-,-,-,-,-,B,B,-,-,B,B,B,-,-,-,-,-,B,-,-,B,-,-
D1M215,1,40.41361,H,B,H,H,H,B,H,H,B,H,H,H,H,A,H,B,A,H,H,H,A,H,A,-,H,H,H,A,A,H,H,H,A,B,B,B,H,B,H,B,B,A,A,B,H,A,B,A,H,A,B,B,A,B,H,H,H,B,H,H,B,H,H,H,H,B,H,A,A,H,H,B,H,H,H,A,H,B,B,H,-,A,H,H,H,B,H,B,A,H,H,H,H,H,B,H,H,H,H,A,H,H,B,H,H,B,B,H,B,H,-,H,A,A,B,B,B,B,A,H
D1M309,1,49.99468,H,H,H,H,B,B,A,A,B,A,H,H,H,A,H,B,A,-,H,A,A,H,A,H,H,H,H,A,-,H,H,B,A,B,B,B,H,B,A,B,B,A,A,B,H,A,B,A,H,A,B,B,A,B,B,H,A,B,H,A,B,H,B,H,H,B,H,A,A,H,H,B,H,H,H,H,B,B,B,H,H,A,H,H,H,B,A,B,H,H,H,H,H,A,B,H,H,H,A,A,H,H,B,H,H,A,H,H,B,B,A,H,A,A,B,B,B,B,A,H
D1M218,1,52.8002,H,H,H,H,H,B,A,A,B,A,H,H,H,A,H,B,A,H,H,A,A,H,A,H,H,H,H,A,H,B,H,B,A,B,B,B,H,B,A,B,B,A,A,B,B,A,B,A,H,A,B,B,A,B,B,H,A,B,H,A,B,H,B,H,H,B,H,A,A,H,H,B,H,H,H,H,B,B,B,H,B,A,H,H,H,B,H,B,H,H,H,H,H,A,B,-,-,H,A,A,H,H,H,H,H,A,H,B,B,B,A,H,A,A,H,B,B,B,A,H
D1M451,1,70.11204,B,H,H,B,H,B,A,A,H,A,H,H,B,A,H,H,H,H,B,A,A,H,H,H,B,H,H,A,H,H,A,H,A,B,B,B,H,H,A,B,H,A,H,B,B,H,B,A,H,A,B,H,A,B,B,B,H,H,H,A,B,H,B,A,H,B,H,H,H,H,H,H,H,H,A,H,B,B,H,H,B,A,H,H,B,B,B,H,B,H,A,H,H,A,B,H,H,H,H,A,A,H,H,B,A,A,A,B,H,B,A,H,A,A,H,B,B,B,A,H
D1M504,1,70.80642,B,H,H,B,H,B,A,A,H,A,H,H,B,A,H,H,H,H,B,A,A,H,H,H,B,H,H,A,H,H,A,H,A,B,B,B,A,H,A,B,H,A,H,B,B,H,B,A,H,A,B,H,A,B,B,B,H,H,H,A,B,H,B,A,H,B,H,H,H,H,H,H,H,H,A,H,B,B,H,H,B,A,H,H,B,B,B,H,B,A,A,H,H,A,B,H,H,H,H,A,A,H,H,B,A,A,A,B,H,B,A,H,A,A,H,B,B,B,A,H
D1M113,1,80.62324,H,H,B,B,H,B,H,H,H,A,H,H,B,A,H,H,H,H,B,A,H,H,B,H,B,H,H,A,H,H,A,H,H,B,B,B,A,H,A,B,H,A,A,B,B,H,B,A,H,A,B,H,A,B,B,B,B,H,H,A,H,H,B,A,A,H,H,H,B,H,H,A,H,H,A,H,H,B,H,A,B,A,B,H,H,B,B,H,B,A,A,H,H,A,B,H,H,H,H,A,A,B,H,H,A,A,H,B,H,B,A,H,A,A,H,B,B,H,A,H
D1M355,1,81.39623,H,H,B,B,H,B,H,H,H,A,H,H,B,A,H,H,H,H,B,A,H,H,B,H,B,H,H,A,H,H,A,H,H,B,B,B,A,H,A,B,H,A,A,B,B,H,B,A,H,A,B,H,A,B,B,B,B,H,H,A,H,H,B,A,A,H,H,B,B,H,H,A,H,H,A,H,H,B,H,A,B,A,B,H,H,B,B,H,B,A,A,H,H,A,H,H,H,H,H,A,A,B,H,H,A,A,H,B,H,B,A,H,A,A,H,B,B,H,A,H
D1M291,1,84.93474,H,H,B,B,H,B,H,H,H,A,H,H,B,A,H,H,H,H,B,-,H,H,B,H,B,H,H,A,H,H,A,A,H,B,B,B,A,H,A,B,H,H,A,B,B,H,B,H,H,A,B,H,A,B,B,B,B,H,H,A,H,H,H,H,A,H,-,B,B,H,H,A,H,H,A,H,H,B,H,A,B,A,B,H,H,B,B,H,B,A,A,H,H,A,H,-,H,H,H,-,A,B,A,H,A,A,H,B,H,-,H,H,A,A,H,H,B,H,A,H
D1M209,1,92.68394,H,H,B,B,H,B,H,H,-,A,-,H,-,A,H,A,H,B,-,H,H,-,B,H,B,H,A,A,H,H,H,A,H,B,H,H,A,H,A,B,-,H,A,H,-,H,-,H,H,H,B,H,A,B,B,B,B,H,H,A,H,H,H,H,A,H,H,B,B,H,-,A,H,H,A,H,H,B,H,A,B,A,B,H,H,H,B,H,B,H,A,A,B,-,H,H,B,H,H,A,A,-,A,H,A,A,H,B,H,B,H,B,A,-,H,H,H,H,A,A
D1M155,1,93.64344,H,H,B,B,H,B,H,H,H,A,H,H,B,A,H,A,H,B,B,H,H,H,B,A,B,H,A,A,H,H,H,A,H,B,-,-,-,-,-,B,H,H,A,H,B,H,B,H,H,H,B,H,A,B,B,B,B,H,H,A,H,H,H,H,A,H,H,B,B,H,H,A,H,H,A,H,H,B,H,A,B,A,B,H,H,H,B,B,B,H,H,A,B,A,H,H,B,H,H,A,A,H,A,H,A,A,H,B,H,B,H,B,A,A,H,H,H,H,A,A
D2M365,2,0,H,B,H,A,B,H,B,H,A,A,A,B,H,H,H,B,H,B,H,H,H,H,-,H,H,A,H,H,-,-,B,-,B,B,H,A,B,A,H,A,H,A,-,H,A,A,H,H,A,A,H,A,B,A,-,A,H,H,H,H,H,H,B,A,-,B,B,H,H,H,H,H,B,B,H,B,H,H,H,B,A,H,H,H,B,B,H,H,H,H,H,H,H,H,H,B,H,A,H,H,H,H,A,H,B,B,B,H,H,B,H,B,A,A,B,H,H,A,B,A
D2M37,2,27.94171,A,B,H,-,H,A,B,H,H,A,A,B,H,B,H,B,B,B,H,H,H,H,A,H,A,B,H,H,A,H,B,H,B,H,H,H,H,B,H,A,A,A,H,H,A,H,A,H,H,H,H,A,A,H,B,H,A,H,H,H,B,A,B,A,A,B,H,H,B,A,H,A,B,H,A,B,H,H,H,H,H,A,H,H,B,A,B,H,H,H,H,H,A,A,H,B,B,A,A,H,B,H,H,H,B,B,H,H,B,B,A,B,H,H,B,H,H,A,B,H
D2M396,2,47.10541,A,H,H,A,H,A,B,A,H,H,B,H,H,B,A,H,H,H,A,H,A,H,A,B,A,B,H,B,H,H,B,B,B,H,H,H,H,B,B,A,A,H,H,H,-,A,B,H,H,H,H,H,A,H,B,A,A,H,-,H,H,H,B,A,H,B,H,H,B,A,B,A,H,H,A,B,H,-,H,H,H,A,H,H,B,A,H,H,H,H,H,B,A,H,A,H,B,H,A,H,B,A,H,H,B,B,H,H,B,B,A,H,H,H,H,B,B,A,H,H
D2M493,2,67.26185,-,-,-,-,-,A,B,-,H,H,B,H,H,H,A,H,-,H,A,A,A,H,A,B,-,-,-,-,H,H,H,B,B,A,H,B,A,-,B,A,A,H,-,A,-,-,-,-,-,-,-,-,-,H,B,-,H,A,B,H,H,H,B,A,H,B,-,H,-,A,-,A,-,-,-,-,H,A,H,H,H,H,B,H,A,A,H,H,A,H,H,B,A,H,H,B,B,H,H,H,H,A,B,A,B,B,H,A,B,B,H,A,H,B,H,B,H,H,H,H
D2M226,2,77.39805,A,H,-,H,-,-,-,A,H,H,B,H,H,-,H,A,H,H,A,A,A,A,A,B,H,H,H,A,H,-,H,B,H,A,A,B,A,B,B,H,-,H,B,A,A,B,A,B,H,A,A,B,H,H,B,A,B,H,B,-,H,H,B,A,H,-,H,B,H,A,H,A,H,H,H,A,H,H,H,H,H,H,B,H,A,A,A,A,A,H,H,H,A,H,H,B,B,H,H,H,H,A,B,A,B,B,H,A,H,B,H,A,H,B,H,B,H,H,H,A
D2M148,2,90.8563,A,A,H,H,H,A,H,A,B,H,B,H,H,H,H,A,H,B,H,A,B,A,H,A,H,A,H,A,B,H,A,H,H,H,H,B,A,B,H,H,A,H,B,A,A,B,H,B,H,A,H,B,H,A,H,A,B,H,B,H,H,H,B,A,H,B,H,B,H,A,H,A,H,H,H,A,H,H,B,H,H,H,B,H,A,A,A,A,A,H,H,H,H,H,B,H,B,H,H,H,H,A,B,A,A,B,H,A,H,B,H,A,B,H,A,H,H,H,H,A
D3M265,3,0,B,B,H,B,B,B,B,H,A,A,H,A,A,B,B,H,B,A,A,A,B,H,A,H,A,H,A,H,B,H,H,H,B,A,H,H,H,A,H,A,A,A,B,H,A,H,A,H,H,H,H,A,H,B,H,H,H,H,H,A,H,H,H,H,A,A,B,H,B,H,H,H,H,A,A,A,H,H,H,B,H,A,H,B,H,H,H,H,H,H,A,B,H,H,H,H,H,H,A,A,H,A,H,H,A,A,H,A,B,A,H,H,H,H,H,H,H,H,B,H
D3M51,3,32.47839,B,B,H,H,A,B,H,B,H,H,A,H,A,H,B,-,-,A,A,A,H,B,H,H,A,H,H,A,B,B,A,H,H,H,A,H,H,A,H,-,H,A,H,A,A,H,H,H,A,H,H,H,B,H,H,H,H,H,H,H,H,H,H,H,H,A,H,B,H,H,B,H,A,A,A,A,B,A,H,B,B,A,A,B,A,A,H,A,H,H,-,-,-,-,-,-,-,-,-,-,-,-,-,-,-,-,-,-,-,-,-,-,-,-,-,-,-,-,-,-
D3M106,3,43.93803,B,B,H,H,A,B,H,H,H,H,A,B,A,H,B,H,A,A,H,A,H,B,H,H,A,H,H,A,B,B,A,H,H,H,H,H,H,A,H,H,H,H,A,A,A,H,H,A,A,H,H,H,B,A,H,H,H,H,A,B,B,H,B,A,H,A,H,B,H,H,B,H,A,H,H,A,H,A,H,B,B,A,A,B,A,H,H,A,A,A,-,-,-,-,-,-,-,-,-,-,-,-,-,-,-,-,-,-,-,-,-,-,-,-,-,-,-,-,-,-
D3M257,3,57.59338,B,H,H,H,A,B,H,H,A,H,H,H,A,H,B,H,A,H,A,A,H,B,A,H,A,H,H,A,H,H,H,H,A,H,H,H,A,A,H,H,H,H,A,A,H,H,B,A,A,H,H,H,B,H,H,H,H,H,A,B,B,H,H,A,H,B,H,B,B,H,B,H,A,H,H,A,H,A,H,H,B,A,H,H,A,H,B,A,A,A,A,A,H,H,H,A,H,H,H,A,H,H,B,A,B,A,H,-,H,H,H,H,H,-,A,H,H,H,H,H
D3M147,3,63.1854,B,H,B,H,A,B,H,H,A,H,H,H,A,B,B,H,A,H,H,-,H,H,A,B,A,H,H,A,H,H,H,H,A,H,B,H,-,-,-,H,H,H,A,A,H,H,B,A,A,H,H,H,B,H,H,H,A,H,A,B,B,H,H,A,H,B,H,B,B,H,H,H,A,H,H,A,H,H,H,H,H,A,H,H,A,H,H,A,A,A,A,A,H,H,H,A,H,H,H,A,H,H,B,H,B,A,H,H,H,H,H,H,H,A,A,-,H,H,H,B
D3M19,3,70.839,B,H,B,H,A,B,H,H,A,A,H,H,A,H,B,H,A,H,A,A,H,H,A,B,A,H,H,H,H,H,H,H,A,H,B,H,A,H,A,H,H,H,A,H,B,H,B,A,A,H,B,B,B,H,H,H,A,A,A,B,B,H,H,A,H,B,H,B,B,H,H,H,H,B,H,A,H,H,H,H,H,A,H,H,H,H,H,H,A,A,-,-,-,-,-,-,-,-,-,-,-,-,-,-,-,-,-,-,-,-,-,-,-,-,-,-,-,-,-,-
D4M2,4,0,A,H,A,H,A,H,H,H,H,B,H,H,H,H,H,B,B,A,A,A,H,B,B,H,H,H,A,H,A,B,H,H,H,B,H,H,A,H,H,H,H,B,H,H,H,H,H,A,H,B,H,B,H,H,H,H,H,A,H,H,H,H,B,B,B,H,B,H,A,A,B,B,A,A,B,H,B,A,H,H,H,A,B,B,H,H,A,B,B,B,-,-,-,-,-,-,-,-,-,-,-,-,-,-,-,-,-,-,-,-,-,-,-,-,-,-,-,-,-,-
D4M178,4,19.16072,H,H,A,H,A,H,H,-,H,H,H,H,H,H,H,B,H,H,-,H,H,B,B,H,H,H,-,B,H,H,H,A,B,-,B,B,A,H,H,H,B,B,-,A,H,-,H,H,H,-,-,H,-,H,H,H,H,H,A,H,H,H,B,B,-,H,-,B,A,A,H,B,B,A,H,H,B,A,H,-,H,A,H,B,-,H,A,-,B,B,-,-,-,-,-,-,-,-,-,-,-,-,-,-,-,-,-,-,-,-,-,-,-,-,-,-,-,-,-,-
D4M187,4,35.32086,A,H,H,H,A,H,H,H,H,H,H,B,H,H,B,B,H,H,H,H,H,B,B,A,H,B,H,H,H,B,B,A,B,H,B,B,A,H,H,B,B,B,A,H,H,A,H,H,H,H,B,A,B,B,A,H,H,H,A,B,H,H,B,H,H,H,B,B,H,A,H,B,B,H,H,B,B,H,H,B,H,A,H,H,H,H,A,B,B,B,-,-,-,-,-,-,-,-,-,-,-,-,-,-,-,-,-,-,-,-,-,-,-,-,-,-,-,-,-,-
D4M251,4,68.10316,H,H,H,H,H,H,H,B,B,H,B,B,A,H,B,B,H,H,A,H,H,B,H,B,H,B,H,H,A,H,H,H,B,B,B,H,A,B,H,H,H,B,H,B,H,A,H,H,A,H,B,A,B,B,H,H,H,H,A,B,B,A,H,H,H,B,B,B,B,B,H,B,H,B,H,H,H,B,H,H,B,A,H,A,H,H,B,H,A,H,B,A,H,H,A,H,B,H,B,H,H,H,A,A,A,B,H,H,A,H,B,A,H,A,A,B,A,H,H,H
D5M148,5,0,A,H,A,-,-,A,H,B,H,H,H,B,H,B,A,H,H,H,A,B,H,A,A,-,B,B,H,B,A,-,H,A,H,H,B,H,B,A,A,B,B,H,A,H,B,B,-,-,B,H,B,H,B,-,H,H,A,A,A,A,H,A,H,B,-,H,H,B,A,-,A,B,H,H,H,-,A,-,H,B,B,B,A,H,B,B,H,H,B,A,H,H,H,A,B,A,H,B,B,H,H,H,H,B,A,B,A,H,B,A,H,H,B,H,B,H,B,H,B,H
D5M232,5,6.10396,A,H,A,H,A,A,A,B,H,H,H,B,H,B,A,B,H,H,A,H,H,A,A,B,-,B,H,B,A,H,H,A,H,H,B,H,B,H,A,B,B,H,A,H,B,B,A,A,B,H,B,H,B,B,H,H,H,A,A,A,H,A,H,B,H,H,B,B,H,H,H,B,B,H,H,H,A,A,H,H,B,B,A,H,B,H,H,H,B,H,H,H,H,A,B,H,H,B,-,-,H,-,H,B,A,B,A,-,B,A,H,H,B,-,-,H,B,H,B,H
D5M257,5,19.22335,H,H,A,A,A,A,A,B,H,H,H,B,H,B,H,B,H,H,A,H,A,H,A,B,B,H,H,B,A,H,A,A,H,H,H,H,B,H,B,B,B,H,H,H,H,B,A,H,B,H,B,H,B,B,A,H,H,A,A,A,H,H,H,B,H,H,B,B,A,A,A,H,B,H,H,A,A,A,H,A,B,B,A,H,B,A,B,H,B,H,H,H,H,A,B,H,H,B,B,H,H,A,H,B,A,B,A,B,A,A,H,H,B,H,H,A,B,H,H,H
D5M83,5,19.54883,H,H,A,A,A,A,A,B,H,H,H,B,H,B,H,B,H,H,A,H,A,H,A,B,B,H,H,B,A,H,A,A,H,H,H,H,B,H,B,B,B,H,H,H,H,B,A,H,B,H,B,H,B,B,A,H,H,A,A,A,H,H,H,B,H,H,B,B,A,A,A,H,B,H,H,A,A,A,H,A,B,B,A,H,B,A,B,H,B,H,H,H,H,A,B,H,H,B,B,H,H,A,H,B,H,B,A,B,A,A,H,H,B,H,H,A,B,H,H,H
D5M307,5,23.71714,H,H,H,A,A,A,A,B,A,H,H,B,H,B,H,B,B,H,A,H,A,H,A,B,H,H,H,B,A,H,A,A,H,H,H,H,B,H,B,B,B,H,H,H,H,B,A,H,B,H,B,-,H,B,A,H,H,A,H,A,A,H,H,B,H,-,B,B,A,A,A,H,B,H,H,A,A,A,H,A,B,B,A,H,B,A,B,H,B,H,H,H,H,A,B,H,H,B,B,H,H,A,A,H,H,B,A,B,A,A,H,H,B,-,H,A,B,-,H,H
D5M357,5,25.50009,H,H,H,A,A,A,A,B,A,H,H,B,H,B,H,B,B,H,A,H,A,H,A,B,H,H,H,B,A,H,A,A,H,H,H,H,B,H,B,B,B,H,H,A,H,B,A,H,B,H,B,H,H,B,A,H,H,A,H,H,A,H,H,B,H,H,B,B,A,A,A,H,B,H,H,A,H,A,H,A,B,H,A,H,B,A,B,H,B,H,H,H,H,A,B,H,H,B,B,H,H,A,A,H,H,B,A,B,A,A,H,H,B,B,H,A,B,H,H,H
D5M205,5,30.89665,H,H,H,A,-,H,A,B,A,H,H,B,H,B,H,B,B,H,A,H,A,H,A,B,H,H,H,B,A,H,A,A,H,B,H,H,B,H,B,B,B,H,H,A,H,B,A,H,-,-,B,H,H,B,A,H,H,B,B,H,A,H,H,B,H,H,B,B,A,H,A,H,B,H,A,A,H,A,H,A,B,H,A,H,B,A,B,H,B,B,H,H,H,B,B,H,H,B,H,H,H,A,A,H,H,B,A,B,A,A,H,H,-,B,H,A,B,H,H,H
D5M398,5,30.89765,-,-,-,-,-,-,-,-,-,-,-,-,-,-,-,-,-,-,-,-,-,-,-,-,H,H,H,B,A,H,A,A,H,H,H,H,B,H,B,B,B,H,H,A,H,B,A,H,-,-,B,H,H,B,A,H,H,B,B,H,A,H,H,B,H,H,B,B,A,H,A,H,-,H,A,A,H,A,H,A,B,H,A,H,B,A,B,H,B,B,-,-,-,-,-,-,-,-,-,-,-,-,-,-,-,-,-,-,-,-,-,-,-,-,-,-,-,-,-,-
D5M91,5,32.90522,H,H,H,A,H,H,A,B,A,H,H,B,H,B,H,B,B,H,A,H,A,H,A,B,H,H,H,B,A,H,A,A,H,B,H,H,B,H,B,B,B,H,H,A,H,B,A,H,B,H,B,H,H,B,A,H,H,B,B,B,A,H,H,B,H,H,B,H,A,H,A,H,B,H,A,A,H,A,H,A,B,H,A,H,B,A,B,H,B,B,H,H,H,B,H,H,H,B,H,H,H,A,A,H,H,B,A,B,A,A,H,H,H,B,H,A,B,H,H,B
D5M338,5,38.06807,H,H,H,A,H,H,A,B,A,H,H,B,H,B,H,B,B,H,A,A,A,H,H,H,A,H,H,B,A,H,A,A,H,B,H,H,B,H,B,B,B,H,H,A,H,B,A,H,B,B,B,H,H,B,A,H,H,B,B,B,A,H,H,B,H,H,H,H,A,B,A,H,B,H,A,A,H,A,H,A,H,H,A,H,B,A,B,H,B,B,H,H,H,B,H,H,A,B,H,H,H,H,A,H,H,B,A,B,A,H,H,H,H,B,H,A,H,H,H,B
D5M188,5,44.02376,H,B,H,A,H,H,A,H,A,H,H,B,H,B,H,B,B,H,A,A,A,H,H,H,A,H,H,B,H,A,A,H,H,B,H,A,B,H,B,B,B,H,H,A,A,B,A,H,B,B,B,A,H,B,A,H,B,B,B,B,A,H,H,B,H,H,H,H,A,B,H,H,B,H,H,A,B,A,H,A,H,H,A,H,B,A,B,H,B,B,H,H,H,B,H,H,A,B,H,H,H,H,A,H,H,B,A,B,A,H,H,H,A,B,H,A,H,B,H,-
D5M29,5,50.98471,B,B,H,A,H,-,-,H,-,H,B,B,-,-,H,B,B,H,-,A,-,-,H,H,A,H,H,B,-,-,-,H,H,B,H,A,-,H,B,B,B,A,-,A,-,B,-,A,B,B,-,A,A,-,A,H,B,B,B,B,H,-,H,B,H,H,-,-,-,-,-,-,B,H,H,H,B,A,H,A,H,H,A,-,B,-,B,-,B,-,-,-,-,-,-,-,-,-,-,-,-,-,-,-,-,-,-,-,-,-,-,-,-,-,-,-,-,-,-,-
D5M168,5,61.87613,B,B,A,A,H,H,H,H,H,H,B,B,H,H,H,H,B,H,A,A,A,B,A,H,A,A,H,B,H,H,A,H,B,B,H,A,B,H,B,B,B,A,B,A,A,B,A,A,B,H,H,A,A,H,A,H,B,B,B,H,H,B,H,B,H,H,H,H,A,H,H,H,B,A,H,H,B,A,A,A,H,H,B,H,B,A,B,B,B,B,H,H,B,B,A,H,A,A,B,H,A,H,H,H,H,B,A,B,H,H,H,B,A,B,H,H,H,B,H,B
D6M223,6,10,A,A,H,H,A,A,H,A,H,H,H,H,B,H,H,H,H,A,H,B,B,H,H,A,B,B,A,A,H,A,B,H,B,H,H,B,A,H,A,H,H,B,H,B,A,H,H,A,H,H,H,H,A,H,B,H,H,B,H,H,H,A,A,H,A,B,B,H,A,B,B,H,H,B,H,H,H,H,H,H,-,H,B,H,A,H,A,H,H,B,H,H,H,A,A,H,H,H,B,A,B,B,A,A,A,H,A,H,B,B,B,A,B,A,A,A,B,H,B,H
D6M188,6,18.18754,A,A,H,H,A,A,H,A,H,H,H,H,H,B,H,H,H,A,H,B,H,H,H,A,B,B,A,A,H,H,H,H,B,H,H,H,A,B,H,H,H,B,H,B,A,H,H,A,H,H,H,H,A,H,B,H,H,B,H,H,H,A,A,A,A,H,H,A,A,B,B,H,H,B,H,H,H,H,H,H,H,H,B,B,A,H,A,H,H,H,-,-,-,-,-,-,-,-,-,-,-,-,-,-,-,-,-,-,-,-,-,-,-,-,-,-,-,-,-,-
D6M284,6,23.87218,H,A,H,H,A,A,H,A,H,H,H,H,H,B,H,H,B,A,A,B,H,H,H,A,H,H,A,A,H,H,H,H,H,H,H,H,A,B,H,H,H,B,H,B,A,H,H,A,H,H,H,H,A,H,B,H,H,H,H,H,H,H,A,A,A,H,H,A,A,H,B,H,H,B,H,H,H,H,H,H,H,H,H,B,A,H,A,H,H,H,H,H,H,A,H,B,H,H,B,A,B,H,A,H,H,H,A,H,B,H,B,A,H,A,H,A,B,H,B,H
D6M39,6,31.0941,H,A,H,H,A,H,H,A,H,H,H,H,H,B,A,H,B,A,H,B,H,H,H,A,H,H,A,A,B,H,H,H,H,H,H,H,H,B,H,H,H,B,H,B,H,H,B,A,H,H,H,H,A,H,B,B,B,H,H,H,H,H,A,H,A,H,H,A,H,H,B,H,H,B,H,H,H,B,H,B,H,H,H,B,A,H,A,H,H,H,H,H,H,A,H,B,H,H,B,A,H,A,A,H,H,H,A,H,B,H,B,A,H,A,H,A,H,A,B,H
D6M254,6,41.79506,H,A,B,H,A,B,H,H,B,H,H,H,H,B,A,H,B,H,H,H,H,B,H,A,H,H,H,H,B,H,H,H,A,H,H,H,H,B,H,H,H,B,H,H,H,H,B,A,B,H,H,H,H,H,B,B,B,H,H,H,H,H,A,H,H,H,H,A,B,H,B,H,H,B,H,B,H,B,H,B,H,H,H,B,A,H,A,H,H,A,H,H,H,H,A,B,H,H,B,A,H,A,A,H,H,H,A,H,H,H,B,H,H,H,H,A,H,H,B,A
D6M194,6,45.14579,H,A,B,H,A,B,H,H,B,H,H,H,H,B,A,B,B,H,H,H,H,B,H,A,H,H,H,H,B,H,H,H,A,H,H,H,H,B,H,A,H,B,H,H,H,H,B,A,H,H,H,H,H,H,B,B,B,H,B,H,H,H,A,H,H,H,H,A,B,H,B,H,H,B,H,B,H,B,H,B,H,B,A,B,A,H,A,H,H,A,-,-,-,-,-,-,-,-,-,-,-,-,-,-,-,-,-,-,-,-,-,-,-,-,-,-,-,-,-,-
D6M290,6,47.5299,H,A,B,H,-,B,H,-,B,H,A,H,H,B,A,-,B,H,H,H,H,B,H,A,H,-,-,-,-,-,-,-,A,-,H,H,H,B,H,A,H,B,-,A,H,-,B,A,-,H,-,-,-,H,-,B,B,H,B,H,H,H,-,H,H,H,H,A,B,H,B,H,-,-,-,B,H,B,-,B,H,B,A,B,A,H,A,H,H,A,-,-,-,-,-,-,-,-,-,-,-,-,-,-,-,-,-,-,-,-,-,-,-,-,-,-,-,-,-,-
D6M25,6,51.24736,H,A,B,H,H,B,B,B,H,H,A,H,H,B,A,B,B,H,H,H,H,B,H,A,H,H,H,H,B,H,H,B,A,H,H,H,H,B,H,A,H,H,-,A,H,H,B,A,H,H,B,H,H,H,B,B,B,H,B,H,H,H,A,H,H,H,H,A,B,H,B,H,H,B,A,B,H,B,H,B,H,B,A,B,A,H,A,H,H,A,H,H,H,H,A,H,H,H,B,A,H,-,H,H,H,A,A,B,H,H,B,H,H,-,-,H,H,H,B,A
D6M339,6,51.65073,H,A,B,H,H,B,B,B,H,A,A,H,H,B,A,B,B,H,H,H,H,B,H,A,H,H,H,H,B,H,H,B,A,H,H,H,H,B,H,A,H,H,H,A,H,H,B,A,H,H,B,H,H,H,B,B,B,H,B,H,H,H,A,H,H,H,H,A,B,H,B,H,H,B,A,B,H,B,H,B,H,B,A,B,A,H,A,H,H,A,H,H,H,H,A,H,H,H,B,A,H,A,H,H,H,A,A,B,H,H,B,H,H,H,B,H,H,H,B,A
D6M59_,6,55.30478,B,H,B,H,H,B,B,B,H,A,A,H,H,B,A,B,H,H,H,H,H,B,H,A,H,H,H,H,B,H,H,B,A,A,H,H,H,B,H,A,H,H,H,A,H,H,B,A,H,H,B,H,H,H,B,B,B,H,H,H,H,H,A,H,H,H,H,A,B,H,B,H,B,B,A,B,H,B,H,B,H,B,A,B,A,H,A,H,H,A,-,-,-,-,-,-,-,-,-,-,-,-,-,-,-,-,-,-,-,-,-,-,-,-,-,-,-,-,-,-
D6M201,6,59.00988,B,H,B,B,H,B,B,B,H,A,A,H,H,B,A,B,H,H,B,H,H,B,H,A,H,-,H,H,B,H,H,B,A,A,H,H,H,B,H,A,H,H,H,A,H,H,B,A,H,H,B,H,B,H,B,B,B,H,H,H,H,H,A,H,H,H,A,H,B,H,B,H,B,B,A,B,H,B,H,B,H,B,A,H,A,H,A,H,H,A,H,H,A,H,A,H,H,H,H,H,H,A,H,H,H,A,A,B,A,H,B,H,H,H,B,H,H,H,H,A
D6M15,6,59.37089,B,H,B,B,H,B,B,B,H,A,A,H,H,B,A,B,H,H,B,H,H,B,H,A,H,H,H,H,B,H,-,B,A,H,H,H,H,B,H,A,H,H,H,A,H,H,B,A,H,H,B,H,B,H,B,B,B,H,H,H,H,H,A,H,H,H,A,H,B,H,B,H,B,B,A,B,H,B,H,B,H,B,A,H,A,H,A,H,H,A,H,H,A,H,A,H,H,H,H,H,H,A,H,H,H,A,A,B,A,H,B,H,H,H,B,H,H,H,H,A
D6M294,6,60.76244,B,H,B,B,H,B,B,B,H,A,A,H,H,B,A,B,H,H,B,H,H,B,H,A,H,H,H,H,B,H,H,B,A,H,H,H,H,B,H,A,H,H,H,A,H,H,B,A,H,H,B,H,B,H,B,B,B,H,H,H,H,H,A,H,H,H,A,H,B,H,B,H,B,B,A,B,H,B,H,B,H,B,A,H,H,H,H,H,H,H,H,H,A,H,A,H,H,H,H,H,H,A,H,H,H,A,A,B,A,H,B,H,B,H,B,H,H,H,H,A
D7M246,7,0,B,H,A,B,B,A,A,H,B,H,H,H,A,B,A,B,A,H,H,H,H,H,A,B,H,H,H,B,B,H,B,A,B,H,H,H,H,B,B,H,H,H,A,H,B,H,B,A,A,H,B,A,A,H,H,H,H,A,B,B,H,H,B,B,A,H,H,H,H,A,A,H,H,B,B,H,H,H,H,A,H,A,B,H,B,A,A,B,A,B,-,-,-,-,-,-,-,-,-,-,-,-,-,-,-,-,-,-,-,-,-,-,-,-,-,-,-,-,-,-
D7M145,7,18.78851,B,B,A,B,H,A,A,H,B,A,A,H,H,B,H,B,H,H,H,H,H,H,H,H,H,A,H,H,B,A,B,A,B,H,H,H,H,B,B,B,B,A,A,A,B,H,H,A,-,-,B,A,H,A,H,H,H,A,B,B,H,H,B,H,H,B,H,A,H,A,-,H,H,B,H,H,H,H,H,H,H,H,B,A,B,A,A,B,H,-,B,A,B,H,B,A,H,H,H,A,H,B,H,B,A,B,H,H,H,H,H,A,H,H,B,H,A,H,A,A
D7M62,7,34.91062,H,B,A,B,A,A,A,H,B,A,H,H,H,H,H,B,H,H,H,B,A,H,B,H,H,B,H,H,B,A,B,A,B,A,H,H,B,B,B,B,B,A,A,A,B,H,H,A,A,B,B,A,H,H,H,H,H,A,H,B,H,H,B,H,H,B,H,A,H,H,B,H,H,H,H,H,B,H,H,H,A,H,H,A,H,A,H,B,H,H,B,A,H,H,H,-,H,H,B,A,H,A,A,H,A,H,H,A,H,H,-,A,H,-,B,H,A,H,B,H
D7M126,7,41.03048,H,B,A,B,A,A,H,H,B,A,H,-,H,-,H,B,H,B,H,B,A,A,B,-,H,B,H,H,B,A,B,A,B,A,H,H,B,B,B,A,B,A,A,A,B,H,H,-,-,B,B,A,H,H,A,H,H,A,-,-,H,A,B,H,H,B,-,A,-,-,-,-,H,-,H,H,B,H,H,-,A,-,H,-,A,-,-,-,-,-,B,A,-,H,H,A,H,-,B,A,B,-,A,H,A,A,-,A,B,H,A,A,H,B,-,H,-,H,B,H
D7M105,7,60.11409,H,B,A,B,H,A,H,H,B,H,H,H,H,H,B,B,B,B,A,H,A,A,B,H,B,H,H,A,H,H,B,H,B,A,H,B,B,B,B,A,B,A,A,A,B,B,H,A,A,B,A,H,A,H,A,H,B,H,H,H,B,H,H,H,H,H,B,A,H,H,B,B,B,A,B,H,B,H,H,H,A,B,A,H,A,H,H,H,H,H,B,A,H,H,H,A,A,H,H,H,B,A,A,H,A,A,H,A,B,H,H,A,H,B,H,B,H,H,B,H
D7M259,7,72.08424,H,B,A,H,H,A,H,B,H,H,-,H,H,H,H,B,H,B,A,H,H,A,H,A,-,-,B,-,H,H,B,-,B,-,-,B,B,B,H,A,H,H,-,A,-,-,H,A,A,-,A,H,A,H,A,-,B,H,H,H,B,H,A,H,H,H,-,-,-,-,H,B,B,A,H,H,B,H,H,H,A,H,A,H,A,H,B,H,H,H,-,-,-,-,-,-,-,-,-,-,-,-,-,-,-,-,-,-,-,-,-,-,-,-,-,-,-,-,-,-
D8M94,8,0,H,H,H,B,A,H,B,A,B,B,A,H,H,A,H,B,B,H,B,B,A,H,A,H,A,H,H,B,B,A,H,B,B,H,B,H,B,A,H,A,H,A,H,A,B,H,B,H,B,B,H,H,A,A,H,B,H,H,H,H,H,H,H,A,H,A,H,H,B,H,B,B,H,A,H,H,B,B,H,H,H,H,H,H,H,H,A,A,H,H,H,A,B,H,A,B,B,B,H,A,B,B,H,H,A,H,B,A,A,B,H,B,H,A,A,A,B,H,H,H
D8M339,8,1.33987,H,H,H,B,A,H,B,A,B,B,A,H,H,A,H,B,B,A,B,B,A,H,A,H,A,H,B,B,B,A,H,B,B,H,B,H,H,A,H,A,H,A,H,A,B,H,B,H,B,B,H,H,A,A,H,B,H,H,H,H,B,H,H,A,H,A,H,H,B,H,B,B,H,A,H,H,B,B,H,H,H,H,H,H,H,H,A,A,H,H,H,A,B,H,A,B,B,B,H,-,B,B,H,H,A,-,B,A,A,B,H,B,H,A,A,A,B,H,H,H
D8M178,8,11.42091,H,H,H,B,A,B,B,H,-,B,A,H,H,A,H,B,B,A,B,B,A,B,H,H,A,H,B,B,B,H,H,B,B,H,-,H,H,A,H,A,H,H,H,A,B,H,B,H,B,B,H,H,H,A,A,H,A,H,H,H,B,H,H,H,H,A,H,H,B,H,B,B,H,A,-,H,B,H,H,H,H,H,H,H,-,A,A,A,H,H,H,A,H,H,H,B,B,B,B,A,B,B,H,B,H,H,B,A,A,H,H,B,H,-,A,A,H,H,A,A
D8M242,8,27.14066,H,B,B,B,A,B,B,H,B,H,A,B,H,A,A,B,B,A,H,H,H,B,H,H,A,A,B,B,B,H,H,H,B,H,B,H,H,A,H,H,A,H,H,A,B,H,A,A,B,B,A,H,H,A,A,H,A,B,B,H,B,H,H,H,H,A,H,B,H,H,B,H,H,A,H,B,H,A,H,H,H,H,H,H,H,A,A,A,A,B,-,-,-,-,-,-,-,-,-,-,-,-,-,-,-,-,-,-,-,-,-,-,-,-,-,-,-,-,-,-
D8M213,8,32.98625,B,B,H,B,A,B,B,H,B,H,A,B,H,A,A,B,B,-,H,H,H,B,H,H,H,A,B,B,B,B,H,H,B,H,B,H,A,A,H,H,A,H,H,A,H,H,A,A,H,B,A,H,H,A,A,H,A,B,B,H,B,B,H,H,H,A,H,B,A,H,B,H,H,A,H,B,H,A,H,H,H,H,H,B,A,A,A,A,A,B,H,H,H,-,H,B,B,H,-,A,B,B,H,B,B,A,B,H,A,H,A,B,H,B,A,A,H,H,H,H
D8M156,8,50.86364,B,B,H,H,H,H,B,H,A,H,A,H,H,H,A,H,H,A,A,-,B,B,H,H,B,H,H,B,H,B,H,-,B,-,B,H,A,H,H,H,H,H,-,A,-,-,A,A,-,B,A,H,-,A,-,-,A,B,B,H,B,-,A,B,-,A,-,B,A,-,B,H,-,A,H,-,A,A,H,H,B,H,A,B,-,A,H,H,H,-,H,B,H,H,A,B,B,H,B,A,B,A,H,B,B,A,H,H,H,H,H,B,H,B,A,H,H,H,H,H
D9M247,9,0,B,H,B,H,B,H,B,B,H,B,H,A,H,B,H,H,B,A,A,H,H,A,H,H,H,H,A,H,H,B,A,H,H,H,H,H,H,H,H,B,A,B,H,B,H,B,B,B,A,H,A,H,H,H,H,A,H,H,B,A,H,A,A,A,B,B,B,B,H,H,H,H,A,H,A,A,B,H,H,A,H,A,A,H,A,H,H,B,H,B,A,A,H,H,B,H,A,H,A,B,H,A,A,B,B,H,H,H,H,H,H,-,A,H,B,B,A,H,B,A
D9M328,9,4.21823,B,A,B,H,B,H,B,B,H,B,H,A,H,B,H,H,B,A,A,H,H,A,H,H,H,H,A,B,H,H,A,H,H,B,B,H,H,H,H,B,A,B,H,B,H,B,B,B,A,H,A,H,H,H,A,A,A,H,B,A,H,A,A,A,B,B,B,B,H,H,H,B,A,H,A,A,B,H,H,A,H,A,A,H,A,H,H,B,H,B,A,A,-,H,-,-,H,H,-,B,-,-,A,A,B,H,B,H,H,-,H,B,A,H,-,-,-,H,B,A
D9M106,9,14.71565,H,A,B,H,B,H,B,B,H,B,B,A,H,B,A,H,H,A,A,H,H,A,H,H,H,H,A,B,H,H,A,H,H,B,B,H,B,H,H,B,A,B,B,B,H,B,B,B,H,A,A,H,H,H,A,A,H,A,B,H,H,H,A,A,B,B,B,H,B,H,H,H,H,H,H,A,B,H,H,A,H,A,A,H,A,H,H,B,H,H,H,A,H,H,B,A,H,H,H,B,H,A,A,H,B,H,B,B,B,H,H,B,H,H,B,B,A,H,B,A
D9M269,9,27.32417,H,H,B,H,H,H,A,B,A,B,B,A,A,B,A,H,H,H,H,H,A,H,H,H,H,H,A,B,H,-,A,A,H,B,B,H,B,H,H,H,A,B,-,B,A,-,-,B,H,A,A,B,H,H,A,A,H,A,H,-,H,-,A,A,-,H,B,H,B,H,H,H,-,H,H,A,B,B,H,A,B,A,H,H,A,B,H,H,H,H,-,-,-,-,-,-,-,-,-,-,-,-,-,-,-,-,-,-,-,-,-,-,-,-,-,-,-,-,-,-
D9M346,9,32.95644,H,H,B,H,H,H,A,B,A,B,B,A,A,B,A,H,H,H,H,H,A,B,H,H,H,H,A,B,H,H,H,A,H,B,B,H,B,H,B,H,H,H,B,B,A,B,B,B,-,-,-,-,-,-,-,A,-,-,-,-,-,-,-,A,-,-,-,-,-,-,-,-,H,H,H,A,B,B,H,A,H,A,H,B,A,B,H,H,H,H,H,A,H,A,B,H,B,B,H,B,H,H,A,H,B,H,B,B,B,A,A,B,H,H,B,B,A,A,B,A
D9M55,9,45.33567,H,H,B,H,H,H,A,B,A,H,B,A,A,B,A,H,A,B,H,A,A,B,H,H,H,H,A,B,H,H,H,A,H,B,B,H,B,H,B,H,H,H,A,B,A,H,B,H,H,A,H,B,B,H,H,H,H,A,A,H,B,A,A,A,H,H,B,A,H,H,B,A,H,A,H,A,H,B,A,A,H,A,H,B,A,B,H,H,H,A,-,-,-,-,-,-,-,-,-,-,-,-,-,-,-,-,-,-,-,-,-,-,-,-,-,-,-,-,-,-
D9M18,9,52.50404,H,H,B,H,H,H,A,H,A,A,B,A,A,H,A,H,A,B,H,A,A,B,H,H,H,H,A,H,H,B,B,A,H,B,B,B,B,H,B,H,B,H,A,B,A,H,B,H,H,A,H,H,B,H,H,H,H,A,A,H,B,A,A,A,H,H,B,A,H,H,B,A,H,A,H,A,H,H,A,A,H,H,A,B,A,B,B,H,H,A,-,-,-,-,-,-,-,-,-,-,-,-,-,-,-,-,-,-,-,-,-,-,-,-,-,-,-,-,-,-
D10M298,10,0,H,A,H,A,A,H,H,A,H,A,A,B,H,B,H,H,A,B,H,H,H,A,H,H,A,B,H,A,A,A,H,B,A,A,B,H,H,H,A,H,H,H,H,A,H,A,H,H,A,B,B,H,B,H,H,A,H,H,A,A,H,A,B,H,A,A,A,A,H,H,H,A,H,A,H,H,H,B,B,A,-,H,A,A,A,H,H,A,A,A,H,H,H,H,A,B,B,H,H,B,H,H,B,H,H,A,B,B,A,H,H,H,A,H,B,B,A,H,H,H
D10M294,10,24.74745,H,A,A,H,H,H,H,A,B,H,H,B,A,H,A,H,A,B,B,B,H,A,H,A,A,B,H,A,H,H,H,H,H,A,H,B,H,H,H,A,A,H,H,A,A,A,H,H,A,B,B,H,B,H,H,H,H,H,H,A,H,A,B,H,A,H,A,A,H,B,H,A,H,A,H,B,A,B,H,A,H,H,H,H,A,H,A,A,A,A,-,-,-,-,-,-,-,-,-,-,-,-,-,-,-,-,-,-,-,-,-,-,-,-,-,-,-,-,-,-
D10M42_,10,40.70983,B,A,A,B,H,H,H,-,B,H,H,B,H,H,A,H,A,A,B,B,H,A,H,H,A,B,H,H,H,H,A,H,-,A,H,B,H,H,H,A,A,H,A,H,A,H,H,H,-,H,H,H,B,H,B,-,B,H,H,A,B,A,B,H,H,H,H,H,H,B,H,A,B,A,A,B,A,B,H,H,H,H,H,H,A,H,A,H,A,A,A,B,H,H,H,H,A,H,B,H,H,A,B,A,A,H,H,A,B,H,H,H,B,H,A,H,H,H,B,H
D10M10,10,48.73004,B,A,A,H,H,H,H,A,B,H,H,B,H,H,A,B,A,A,B,B,H,A,-,H,H,H,H,H,H,H,A,H,H,H,H,B,H,B,H,A,A,H,A,H,A,H,H,H,A,A,H,A,B,H,B,H,B,H,H,A,B,H,H,H,H,H,H,H,H,B,A,-,H,A,A,H,A,B,H,H,H,H,H,H,A,H,A,B,A,A,A,B,H,H,H,H,H,B,A,H,H,-,B,-,A,B,H,A,B,-,H,H,-,-,-,H,-,H,-,-
D10M233,10,61.05621,B,A,A,H,H,H,H,A,B,H,A,B,H,H,B,B,H,A,B,H,H,A,A,B,H,H,H,H,B,A,A,B,H,H,H,B,H,B,B,A,A,H,A,H,H,B,H,H,A,A,A,H,H,H,B,B,H,H,H,A,B,H,H,H,B,H,H,B,H,B,H,A,H,A,A,H,A,B,B,H,B,H,H,H,A,H,A,B,A,A,A,B,H,H,H,H,H,H,A,B,H,A,B,A,A,H,H,H,B,H,H,H,B,H,H,H,H,H,B,H
D11M78,11,0,H,A,H,B,B,H,A,H,B,A,A,B,A,B,H,H,A,H,B,H,A,H,H,B,H,H,H,H,H,H,A,A,H,H,H,H,B,A,A,H,H,H,B,H,H,H,H,B,A,A,A,H,H,A,H,H,H,A,A,B,B,B,H,H,A,A,H,B,B,A,B,H,H,H,H,H,H,B,H,B,A,B,H,A,H,B,H,A,H,H,-,-,-,-,-,-,-,-,-,-,-,-,-,-,-,-,-,-,-,-,-,-,-,-,-,-,-,-,-,-
D11M20,11,15.15394,H,A,H,B,B,B,A,B,B,H,H,B,A,H,A,H,A,H,B,B,A,H,H,B,H,H,A,B,B,H,A,-,H,H,H,H,B,A,A,H,B,H,B,H,H,A,A,B,A,A,-,H,B,H,-,H,H,H,H,B,B,B,H,B,A,A,H,B,B,H,H,H,H,H,H,H,H,B,H,B,A,B,A,H,H,A,H,A,H,H,H,B,H,B,B,H,H,A,A,H,B,H,H,H,H,H,H,H,B,H,H,B,H,H,A,H,H,H,H,H
D11M242,11,26.42149,H,A,H,B,B,B,A,H,H,H,H,B,A,H,A,B,A,-,H,B,H,B,H,B,H,H,A,B,B,H,H,H,B,H,H,H,H,H,A,H,B,-,B,B,H,A,A,B,A,A,A,H,B,H,A,H,H,B,H,H,B,B,H,B,A,-,H,B,B,H,A,B,H,H,H,H,H,B,H,H,A,B,A,H,B,A,H,H,A,A,-,-,H,B,B,H,-,A,A,H,-,B,H,H,H,-,H,H,B,H,H,B,-,H,H,H,H,H,H,B
D11M356,11,38.52145,A,A,H,B,B,B,H,B,H,H,H,B,A,H,H,H,A,H,H,B,H,B,H,B,B,H,A,B,B,H,H,H,B,H,H,H,H,H,H,H,B,H,B,B,H,A,A,H,H,B,A,A,B,B,A,H,H,H,H,H,B,B,H,B,H,A,H,H,B,H,A,B,B,H,H,B,H,B,H,H,A,-,A,B,B,A,A,H,A,A,-,-,-,-,-,-,-,-,-,-,-,-,-,-,-,-,-,-,-,-,-,-,-,-,-,-,-,-,-,-
D11M327,11,42.16139,A,A,H,B,B,B,H,B,H,H,H,B,A,H,A,H,A,H,H,B,H,B,H,B,B,H,A,B,H,H,H,A,B,H,A,H,H,H,H,H,B,H,B,B,H,A,A,H,H,B,A,A,B,B,A,A,H,H,H,H,B,B,H,B,H,A,H,H,B,H,A,B,B,H,H,B,H,H,B,H,A,B,A,B,B,A,A,H,A,A,A,H,H,B,B,A,H,A,A,H,H,B,A,H,H,H,H,A,B,H,H,B,H,H,B,B,B,B,H,B
D11M333,11,64.34481,H,A,H,H,H,B,B,H,H,B,H,H,H,A,A,B,B,H,H,B,H,B,H,B,H,H,A,B,H,H,H,A,B,B,A,H,H,H,H,H,B,H,B,B,A,H,H,H,H,B,H,H,B,B,A,A,A,A,H,A,A,A,H,B,H,A,H,H,B,H,A,B,B,B,B,H,H,A,H,H,A,B,H,H,B,A,H,H,A,H,H,H,A,B,B,A,H,-,H,H,A,-,H,B,A,A,H,A,B,H,H,-,A,H,B,B,B,H,H,B
D12M105,12,0,B,A,B,A,A,B,B,A,A,A,A,H,A,H,H,H,A,A,H,B,A,B,A,H,H,A,H,A,H,B,A,B,H,H,B,H,H,A,H,A,A,H,B,H,A,B,H,H,A,A,B,A,H,A,A,H,A,A,B,A,H,B,H,B,H,B,B,H,H,A,B,H,B,H,B,B,H,H,A,H,A,H,H,B,H,B,B,H,A,H,-,-,-,-,-,-,-,-,-,-,-,-,-,-,-,-,-,-,-,-,-,-,-,-,-,-,-,-,-,-
D12M46,12,6.17921,B,A,B,A,A,B,H,H,A,-,A,A,A,H,H,H,A,A,H,B,A,B,A,H,H,A,H,A,A,H,A,B,H,H,B,H,H,A,H,A,A,A,B,-,A,B,H,H,A,A,-,A,A,A,A,H,A,A,H,A,H,B,A,B,A,B,B,H,H,A,B,H,B,H,B,B,H,H,H,H,A,H,H,B,H,B,B,H,A,H,-,-,-,-,-,-,-,-,-,-,-,-,-,-,-,-,-,-,-,-,-,-,-,-,-,-,-,-,-,-
D12M34,12,21.58051,B,H,H,H,A,H,A,H,H,A,A,A,A,H,H,H,A,A,H,B,A,H,A,H,H,A,H,H,A,H,A,B,B,H,H,H,H,A,H,H,A,A,H,B,H,H,H,H,A,A,H,A,A,A,A,-,A,A,H,A,A,H,A,H,H,B,B,H,H,H,-,H,B,A,B,B,H,H,H,H,A,A,H,H,H,H,B,H,A,B,A,H,B,H,H,H,B,H,H,H,H,B,A,A,A,H,H,A,B,H,B,H,B,A,H,H,H,H,B,H
D12M5,12,29.08404,B,B,H,A,A,H,A,H,H,A,H,A,-,H,H,H,A,H,H,B,A,H,A,H,H,H,H,B,A,H,A,B,B,H,A,H,H,A,H,H,A,A,H,B,A,H,B,H,A,A,H,A,A,A,A,H,H,A,H,A,A,H,A,A,H,B,B,H,B,H,B,A,B,A,B,B,B,B,H,H,A,A,A,H,H,H,B,H,A,B,A,H,B,H,H,-,B,H,B,H,H,-,A,A,A,H,H,A,B,-,-,H,B,A,H,H,H,-,B,H
D12M99,12,41.79569,B,B,H,A,A,H,A,H,H,A,H,A,A,H,H,H,A,H,H,H,B,H,H,H,B,H,H,B,H,H,A,A,B,H,H,H,H,A,B,H,A,A,H,H,A,H,H,H,A,A,H,A,H,A,A,B,H,A,H,A,A,H,A,A,H,B,B,H,B,H,B,A,B,A,H,B,B,B,B,H,A,A,A,H,H,H,B,A,H,H,-,-,-,-,-,-,-,-,-,-,-,-,-,-,-,-,-,-,-,-,-,-,-,-,-,-,-,-,-,-
D12M150,12,54.45582,B,H,B,A,A,H,A,H,H,A,B,H,H,B,H,H,A,H,A,-,B,H,H,H,B,H,H,B,H,H,A,A,B,H,H,-,H,H,B,B,A,A,-,H,A,H,-,H,A,A,B,A,H,A,A,B,H,A,-,H,A,H,H,A,B,B,B,B,B,H,B,A,B,A,H,H,B,B,B,H,A,A,A,A,H,B,B,A,B,H,A,H,H,H,H,H,B,A,H,A,H,A,A,H,H,H,B,H,B,B,B,H,H,H,B,A,H,A,H,B
D13M59,13,0,C,A,A,C,C,C,C,C,A,C,C,A,C,C,C,A,C,C,C,C,C,C,C,C,B,B,H,H,H,A,A,B,A,H,A,H,A,H,B,A,B,B,H,H,H,H,H,H,C,C,C,A,C,C,C,C,C,A,A,A,C,A,C,C,C,A,C,A,C,A,C,C,C,A,A,H,B,H,C,C,A,C,A,A,C,C,C,A,A,C,C,C,A,C,A,A,A,C,A,C,C,C,C,C,C,C,C,A,C,C,C,C,C,C,A,A,C,C,C,C
D13M88,13,0.28675,-,A,A,H,H,H,H,H,A,H,H,-,H,B,H,A,B,B,B,H,H,H,-,-,B,B,H,H,H,A,A,B,A,H,A,H,A,H,B,A,B,B,H,H,H,H,H,H,A,B,B,A,B,H,H,H,B,A,A,A,H,A,B,A,B,A,H,A,H,A,H,B,B,H,A,H,B,H,H,H,A,H,A,A,H,B,-,A,-,H,H,H,A,H,A,A,A,H,A,H,H,H,H,H,H,H,H,A,H,H,H,H,H,H,A,A,H,H,H,H
D13M21,13,10.36588,H,H,A,H,H,-,B,H,A,H,H,A,A,B,A,A,B,B,B,H,H,-,H,H,B,B,H,H,H,A,A,-,A,-,A,H,-,H,H,A,B,-,B,-,-,-,H,A,H,B,B,-,B,A,H,-,B,-,A,-,B,-,B,-,B,-,A,A,H,A,A,B,B,H,A,H,B,H,B,A,A,B,A,A,H,-,H,A,A,H,H,H,A,H,A,A,H,H,A,H,H,H,H,H,A,A,H,A,H,H,H,H,H,H,A,A,H,A,H,H
D13M39,13,13.04983,H,H,A,H,H,H,B,A,A,H,H,A,A,B,A,A,B,B,B,H,H,H,H,H,B,B,B,H,H,A,A,H,A,H,A,H,A,H,H,A,B,-,B,H,H,A,H,A,H,B,-,A,B,A,H,H,B,A,A,A,H,H,B,B,B,A,A,A,H,A,A,B,B,H,A,H,B,H,B,A,A,H,A,A,H,A,H,A,A,H,-,-,-,-,-,-,-,-,-,-,-,-,-,-,-,-,-,-,-,-,-,-,-,-,-,-,-,-,-,-
D13M167,13,13.05083,H,H,A,H,H,H,B,A,A,H,H,A,A,B,A,A,B,B,B,H,H,H,H,H,B,B,B,H,H,A,A,H,A,H,A,H,A,H,H,A,B,H,B,H,H,A,H,A,H,B,B,A,B,A,H,H,B,A,A,A,H,H,B,B,B,A,A,A,H,A,A,B,B,H,A,H,B,H,B,A,A,H,A,A,H,B,H,A,A,-,-,-,-,-,-,-,-,-,-,-,-,-,-,-,-,-,-,-,-,-,-,-,-,-,-,-,-,-,-,-
D13M99,13,18.90884,A,H,A,H,H,H,B,A,A,H,H,A,A,B,A,H,B,B,B,A,H,H,H,A,B,H,B,H,H,A,A,H,A,H,A,B,A,H,H,A,B,H,B,H,H,A,H,A,B,B,B,A,B,A,H,H,B,A,A,A,H,H,B,B,B,A,A,A,H,A,A,B,B,H,A,H,B,H,H,A,H,H,A,A,H,A,H,A,A,H,H,H,A,H,A,A,H,A,A,H,A,B,H,H,A,A,A,A,H,B,A,H,H,H,A,A,H,A,H,H
D13M233,13,21.01258,A,-,A,H,H,H,B,-,A,H,H,A,A,B,A,H,B,B,B,A,H,H,H,A,H,H,B,H,-,A,A,-,A,H,A,B,A,H,H,A,B,H,B,H,H,A,H,A,B,B,B,A,B,-,-,A,B,-,-,A,H,-,B,B,B,A,A,A,H,A,A,H,B,H,A,H,B,H,H,-,-,H,A,-,H,-,H,A,A,H,H,H,A,H,A,A,H,A,A,H,A,B,H,B,A,A,A,H,H,B,A,H,H,H,A,A,-,A,H,H
D13M106,13,24.87531,A,H,H,H,H,H,B,A,A,H,H,H,A,B,A,H,B,B,H,A,H,H,H,A,H,H,B,H,H,A,A,H,A,H,A,B,A,H,H,A,B,H,B,H,H,H,H,A,B,B,H,A,B,A,H,A,B,A,A,A,H,H,B,B,B,A,A,A,H,A,A,H,B,H,A,H,B,H,H,A,H,H,A,A,H,A,H,A,A,A,A,H,A,H,A,A,H,A,A,H,A,B,H,B,A,A,A,H,H,B,A,H,H,H,A,H,H,H,H,H
D13M147,13,26.15954,A,H,H,H,H,H,B,A,A,H,H,H,A,B,A,H,B,B,H,A,H,H,H,A,H,H,B,H,H,A,A,H,A,H,A,B,A,H,H,A,B,H,B,H,H,H,B,A,B,B,H,A,B,A,H,A,B,H,A,A,H,H,H,B,B,A,A,A,H,A,A,H,B,H,A,H,B,H,H,A,H,H,A,A,H,A,H,A,A,A,A,H,A,H,A,A,H,A,A,H,A,B,H,B,A,A,A,H,H,B,A,H,H,A,A,H,H,H,H,H
D13M226,13,28.3927,A,H,H,H,H,H,B,-,A,H,H,-,H,B,H,H,B,-,H,A,H,H,H,A,H,H,B,H,H,A,A,A,A,H,-,-,-,H,-,-,B,-,B,H,H,-,H,A,B,B,H,A,B,A,H,A,B,-,-,-,H,H,-,B,B,-,A,A,-,-,A,H,B,H,A,H,B,H,H,A,H,H,A,-,H,-,-,A,A,A,-,H,A,H,A,A,H,-,-,H,A,B,H,-,-,-,A,H,H,B,A,H,H,-,H,H,-,H,H,H
D13M290,13,28.3937,A,H,H,H,H,H,B,A,A,H,H,H,H,B,H,H,B,B,H,A,H,H,H,A,H,H,B,H,H,A,A,H,A,H,A,B,A,H,A,A,B,H,B,H,H,H,H,A,B,B,H,A,B,A,H,A,B,H,A,A,H,H,H,B,B,H,A,A,H,A,A,H,B,H,A,H,B,H,H,A,H,H,A,A,H,A,H,A,A,A,A,H,A,H,A,A,-,A,A,H,A,B,H,B,A,A,A,H,H,B,A,H,H,A,H,H,H,H,H,H
D13M151,13,35.98707,A,H,H,H,H,H,B,H,A,H,H,H,H,B,H,H,B,B,H,A,H,A,H,A,H,H,B,H,H,A,B,A,A,H,H,B,A,H,A,A,H,H,B,B,H,H,H,A,B,B,H,A,B,A,A,A,B,H,H,H,H,H,H,B,B,H,A,A,B,A,A,H,B,H,A,H,B,H,H,A,H,H,A,A,H,A,H,A,A,A,-,A,A,B,A,H,H,H,A,A,A,B,H,B,A,A,A,H,H,B,A,H,H,H,B,H,H,H,H,H
D14M14,14,0,B,A,B,H,H,A,A,H,B,A,B,B,B,H,A,B,A,H,A,B,B,H,A,H,H,B,B,B,H,H,H,H,H,H,H,H,A,H,A,H,H,A,H,H,H,-,B,H,A,H,B,B,H,H,B,H,H,B,B,A,H,A,H,A,H,H,H,H,H,A,B,B,-,H,H,B,B,B,A,H,H,H,H,H,A,A,H,H,A,B,-,-,-,-,-,-,-,-,-,-,-,-,-,-,-,-,-,-,-,-,-,-,-,-,-,-,-,-,-,-
D14M115,14,23.90747,B,B,B,A,H,A,H,B,B,H,H,B,B,H,A,A,A,H,H,H,H,A,A,H,H,H,H,H,H,H,H,B,H,H,H,H,A,H,A,A,-,A,-,A,-,-,-,-,H,H,B,B,H,H,B,A,H,H,B,B,H,A,H,A,H,H,H,-,-,-,B,B,H,B,B,B,B,B,H,H,A,H,A,H,H,A,H,H,A,B,A,H,B,H,B,H,A,H,B,A,H,H,H,H,B,H,B,A,A,H,A,H,H,H,H,A,A,H,H,B
D14M265,14,32.78679,H,B,B,A,H,A,H,H,B,B,H,B,B,H,H,A,A,H,H,A,A,A,A,H,H,H,H,H,H,H,H,B,H,B,H,H,A,H,A,A,H,A,B,H,B,H,A,A,H,A,B,H,H,H,B,A,H,H,H,B,H,A,H,A,A,H,B,B,H,H,H,B,H,B,B,H,B,B,H,H,A,H,A,H,H,A,H,A,A,B,A,H,B,H,B,H,A,H,-,-,H,H,-,H,B,H,H,A,A,-,A,H,H,H,H,H,A,H,H,B
D14M266,14,45.55022,H,B,H,H,H,A,H,H,B,H,H,B,B,H,H,H,H,H,B,A,A,H,A,H,H,H,H,H,H,H,H,H,H,B,H,H,A,H,H,A,H,B,B,H,B,H,H,A,H,A,B,H,H,H,H,A,H,H,H,B,H,A,A,H,H,H,B,B,H,H,H,H,A,B,B,H,B,H,B,A,A,H,A,A,H,A,H,A,A,B,-,-,-,-,-,-,-,-,-,-,-,-,-,-,-,-,-,-,-,-,-,-,-,-,-,-,-,-,-,-
D15M226,15,0,A,B,B,H,A,H,A,B,H,H,A,H,A,H,-,-,H,H,H,B,B,H,H,B,H,A,B,H,B,H,H,A,H,A,H,B,H,H,-,-,H,H,H,A,A,A,B,H,H,H,A,H,A,H,H,A,H,H,H,B,H,B,-,-,H,H,H,H,H,B,B,A,A,H,H,B,A,H,A,H,H,H,B,B,B,A,-,-,H,B,A,B,A,A,H,H,H,H,H,B,H,H,H,H,A,B,H,A,B,H,A,B,B,B,B,A,H,A,H,H
D15M100,15,13.46195,H,H,B,B,A,H,A,B,A,H,A,H,A,B,-,A,A,H,A,B,B,H,A,B,H,H,B,B,H,H,H,A,H,A,H,H,H,H,B,B,H,-,-,-,-,-,-,-,H,H,A,B,H,H,H,A,A,H,H,B,A,B,H,B,-,-,-,-,-,-,B,H,H,H,H,B,A,H,A,B,H,H,H,-,B,A,-,-,-,B,A,B,A,A,H,H,H,H,H,B,H,A,H,B,A,B,H,H,B,H,A,B,B,H,B,A,A,A,H,H
D15M209,15,18.79081,H,H,B,H,A,B,A,B,A,H,A,H,A,B,A,A,A,H,A,B,B,H,A,B,H,H,B,B,H,H,H,H,H,A,H,H,A,H,B,B,H,A,H,A,A,A,H,H,H,H,H,B,H,A,H,A,A,H,B,B,A,B,H,B,A,H,B,H,H,B,B,-,H,H,H,B,H,H,A,B,H,H,H,B,B,A,H,B,H,B,H,B,A,A,H,H,H,H,H,B,A,A,H,B,A,B,H,H,B,H,H,B,B,H,B,A,A,A,H,H
D15M144,15,19.36473,H,H,B,H,A,B,A,B,A,H,A,H,A,B,A,A,A,H,A,B,B,H,A,B,H,H,B,B,H,H,H,H,H,A,H,H,A,H,B,B,H,A,H,A,A,A,H,H,H,H,H,B,H,A,H,A,A,H,B,B,A,B,H,B,A,H,B,H,H,B,B,H,A,H,H,B,H,H,A,B,H,H,H,B,B,A,H,B,H,B,-,-,-,-,-,-,-,-,-,-,-,-,-,-,-,-,-,-,-,-,-,-,-,-,-,-,-,-,-,-
D15M68,15,23.91373,H,H,B,H,A,B,A,H,A,H,A,H,A,B,A,A,A,H,A,B,H,H,A,B,H,H,B,B,H,H,H,H,H,A,H,H,A,H,B,B,-,A,H,H,A,A,-,B,H,H,H,B,H,A,H,A,A,H,B,B,A,B,H,B,A,B,B,A,H,B,B,H,A,H,H,B,H,H,A,B,H,A,H,B,B,A,H,B,H,B,H,B,A,A,A,H,H,H,H,B,A,A,H,B,H,B,-,H,B,H,H,B,H,H,B,A,A,A,H,B
D15M239,15,25.1265,H,H,B,H,A,B,A,H,A,H,A,H,H,B,A,A,A,H,A,B,H,H,A,B,H,H,B,B,H,H,H,H,H,A,H,H,A,H,B,B,H,A,H,H,A,A,H,B,H,H,H,B,H,A,H,A,A,H,B,B,A,B,H,B,A,B,H,A,H,B,B,H,A,H,H,B,H,H,A,B,H,A,H,B,B,A,H,B,H,B,H,B,A,A,A,H,H,H,H,B,A,A,H,B,H,B,H,H,B,H,H,H,H,H,B,A,A,A,H,B
D15M241,15,31.27607,H,H,B,A,A,B,A,H,A,H,A,H,H,B,A,A,A,H,A,H,H,H,A,B,B,H,B,B,H,B,H,B,H,A,H,H,A,H,B,B,H,A,H,H,H,A,H,-,A,A,H,B,H,A,H,A,A,H,B,B,A,B,H,H,A,B,H,A,A,-,B,-,A,H,H,B,H,H,A,B,H,A,H,-,H,A,H,-,H,H,H,B,H,A,A,H,H,H,H,B,A,A,A,B,H,B,H,H,B,H,H,H,H,H,B,A,A,A,H,B
D15M34,15,42.97207,H,H,B,A,A,B,-,H,A,H,H,H,H,B,-,A,-,H,-,H,H,H,A,B,B,H,H,B,B,B,H,H,H,A,H,A,A,H,H,B,-,A,B,B,H,-,H,B,A,A,B,-,B,A,B,A,A,H,B,-,A,H,B,-,A,B,B,A,A,-,B,-,A,H,H,B,H,H,-,B,B,A,A,H,H,A,H,B,A,H,-,-,-,-,-,-,-,-,-,-,-,-,-,-,-,-,-,-,-,-,-,-,-,-,-,-,-,-,-,-
D16M154,16,0,A,H,B,A,A,H,B,B,H,B,B,B,B,H,H,B,B,A,H,H,H,A,A,A,H,B,A,H,H,A,A,H,H,A,H,H,A,B,H,A,A,H,B,B,A,A,B,H,H,A,A,H,B,A,B,H,H,B,B,H,H,H,B,A,A,A,B,H,B,H,H,A,H,H,B,B,A,A,H,H,B,H,B,A,H,H,B,B,A,A,-,-,-,-,-,-,-,-,-,-,-,-,-,-,-,-,-,-,-,-,-,-,-,-,-,-,-,-,-,-
D16M4,16,16.76684,A,H,B,H,B,H,H,B,B,B,B,B,H,A,H,B,H,A,B,H,H,A,A,A,H,B,A,B,H,A,H,H,H,A,A,H,H,B,H,A,A,H,B,B,A,A,B,H,B,A,A,H,B,A,B,H,-,H,H,H,H,H,B,H,A,A,H,B,B,H,H,H,B,A,B,H,A,H,A,H,H,H,B,H,B,H,B,B,A,A,A,H,B,A,A,H,H,B,A,A,A,H,A,H,B,H,B,H,H,H,B,B,H,A,A,H,H,H,H,H
D16M139,16,26.23135,A,H,B,H,B,H,H,B,B,B,B,B,H,A,H,B,H,A,B,A,A,H,A,A,B,B,A,B,H,A,B,H,H,A,A,H,B,B,H,A,A,H,B,B,A,A,B,H,B,A,H,H,H,A,H,H,H,H,H,H,H,H,B,H,A,H,H,B,B,H,H,H,-,A,H,A,A,H,A,H,H,A,B,H,H,H,A,B,A,A,-,-,-,-,-,-,-,-,-,-,-,-,-,-,-,-,-,-,-,-,-,-,-,-,-,-,-,-,-,-
D16M86,16,41.79901,A,A,B,B,B,H,H,B,B,H,H,H,H,A,H,H,A,A,B,A,A,H,H,A,B,B,A,B,H,H,B,H,H,A,A,H,B,B,H,A,H,H,H,B,A,H,B,H,B,A,H,A,H,A,H,A,H,B,H,H,H,A,B,B,H,H,H,B,B,H,H,H,H,H,H,A,H,H,H,A,B,A,H,H,H,H,A,H,A,A,-,-,-,-,-,-,-,-,-,-,-,-,-,-,-,-,-,-,-,-,-,-,-,-,-,-,-,-,-,-
D17M260,17,0,H,H,A,A,A,H,H,H,A,A,H,H,H,B,H,B,A,A,B,H,B,H,H,H,H,H,A,B,H,H,H,A,H,H,B,A,H,H,B,H,A,B,H,H,A,H,H,A,A,B,H,H,H,A,A,B,A,B,H,H,H,B,H,H,H,H,A,B,B,H,H,H,H,H,H,H,B,B,H,A,B,B,B,A,H,B,A,A,B,B,-,-,-,-,-,-,-,-,-,-,-,-,-,-,-,-,-,-,-,-,-,-,-,-,-,-,-,-,-,-
D17M66,17,11.72823,H,H,A,H,A,H,A,H,A,A,B,H,H,B,H,B,A,H,B,H,B,H,H,H,H,H,A,B,H,H,H,A,H,A,B,A,H,H,B,H,A,B,H,H,H,A,H,A,A,B,H,H,H,A,A,H,A,B,B,B,H,B,H,H,H,H,H,B,H,H,H,B,H,H,H,H,H,B,B,A,B,H,B,B,H,B,A,B,H,B,-,-,-,-,-,-,-,-,-,-,-,-,-,-,-,-,-,-,-,-,-,-,-,-,-,-,-,-,-,-
D17M88,17,17.33527,H,H,A,H,A,H,A,H,H,A,B,H,H,B,H,H,A,H,-,H,B,H,H,H,H,B,A,B,H,H,H,H,H,H,B,A,H,H,B,H,A,B,H,H,-,A,-,A,A,B,H,B,H,H,A,H,A,B,B,B,H,H,H,H,H,A,H,B,H,H,H,B,H,H,H,H,H,B,B,A,B,H,H,B,H,B,A,B,H,B,-,-,-,B,-,-,-,A,-,A,H,-,H,-,H,H,A,B,H,-,H,A,H,A,A,-,-,B,B,H
D17M129,17,38.84807,H,H,A,B,H,B,H,H,H,A,B,H,H,B,H,H,A,H,H,B,H,-,H,B,B,H,A,H,A,B,B,H,A,H,B,A,H,H,B,H,A,B,H,-,H,A,H,H,A,H,H,B,H,H,A,H,A,H,B,B,H,H,A,H,B,A,H,B,A,H,H,B,B,A,H,A,H,H,B,H,H,A,H,B,B,B,A,B,H,H,B,B,H,B,A,A,B,H,B,A,H,H,A,B,H,H,A,A,-,H,A,H,H,H,A,H,H,H,B,B
D18M94,18,0,B,B,H,A,A,H,H,A,B,A,A,H,H,A,B,B,A,H,H,A,H,H,A,A,H,H,A,A,A,H,A,A,B,H,B,H,H,B,H,A,A,B,B,A,A,B,B,B,H,H,H,H,A,H,H,B,A,H,B,B,H,H,H,H,B,H,B,A,H,A,H,A,H,H,A,H,H,H,B,B,A,A,A,H,H,H,A,H,A,H,-,-,-,-,-,-,-,-,-,-,-,-,-,-,-,-,-,-,-,-,-,-,-,-,-,-,-,-,-,-
D18M58,18,0.6856,B,B,H,A,A,H,H,A,B,A,A,H,H,A,B,-,-,H,H,A,H,-,A,A,H,H,H,A,A,H,A,A,B,H,B,H,H,B,-,A,A,B,B,A,-,B,B,B,H,H,H,H,A,H,H,B,A,H,B,B,H,H,H,H,B,H,B,A,H,A,H,A,H,H,A,H,H,H,B,B,A,A,A,H,H,H,A,B,A,H,H,B,A,H,H,-,A,A,A,H,H,H,B,B,H,H,B,H,B,H,B,-,A,H,H,B,H,H,H,H
D18M106,18,16.98386,B,H,B,A,A,H,B,-,-,A,A,H,H,-,B,-,-,-,-,-,-,-,-,-,-,-,-,-,-,-,-,-,-,-,-,-,-,-,-,-,-,-,-,-,-,-,-,-,A,H,H,B,H,H,B,B,A,H,A,H,A,H,H,H,-,-,B,A,H,A,H,H,H,-,A,H,H,A,A,B,A,A,A,H,H,H,A,B,H,H,A,H,A,B,H,B,H,A,A,H,H,-,H,B,H,B,B,H,H,H,B,H,H,A,H,B,A,H,H,H
D18M186,18,20.8999,B,H,B,A,A,H,B,H,B,A,A,H,H,H,B,B,A,B,H,A,H,H,A,A,B,H,H,A,A,H,A,A,H,H,B,H,A,B,H,A,H,B,B,H,A,B,B,H,A,H,H,B,B,H,H,B,A,H,A,H,A,H,H,H,B,H,B,A,H,A,H,H,H,A,A,H,B,A,A,B,A,H,A,H,H,H,A,B,H,B,A,H,A,B,H,B,H,A,A,H,B,H,H,B,H,B,B,H,H,H,B,H,A,A,H,B,A,B,H,H
D19M68,19,0,H,A,H,B,H,A,B,H,H,H,B,A,A,H,H,B,H,H,B,B,H,A,A,H,H,B,H,B,H,H,H,H,H,B,H,H,H,H,A,H,B,B,B,A,A,H,H,H,H,B,A,H,A,H,H,H,B,A,H,A,B,A,B,B,H,B,H,A,A,H,B,H,B,H,A,A,H,H,A,B,H,H,A,B,A,A,H,H,A,H,-,-,-,-,-,-,-,-,-,-,-,-,-,-,-,-,-,-,-,-,-,-,-,-,-,-,-,-,-,-
D19M117,19,16.36398,H,H,H,H,A,A,B,H,H,B,H,A,A,B,H,B,-,-,B,B,H,A,A,H,B,B,H,H,H,H,H,H,H,H,A,H,H,H,A,A,-,-,B,A,A,A,H,H,A,B,A,H,A,H,H,H,H,A,H,H,H,A,A,B,H,H,A,A,A,H,B,H,B,B,A,H,H,H,A,B,H,H,H,B,A,B,H,H,A,A,-,-,-,-,-,-,-,-,-,-,-,-,-,-,-,-,-,-,-,-,-,-,-,-,-,-,-,-,-,-
D19M65,19,32.82935,H,H,A,H,A,A,A,H,H,B,H,H,A,-,H,B,A,H,B,B,H,A,H,H,H,H,B,H,H,H,H,H,H,H,A,A,H,H,B,A,H,B,B,A,H,A,H,-,A,H,H,A,A,H,A,H,H,A,H,H,H,A,A,B,A,H,H,A,A,B,B,H,H,B,A,B,A,H,A,B,H,H,B,B,A,B,B,H,A,H,-,-,-,-,-,-,-,-,-,-,-,-,-,-,-,-,-,-,-,-,-,-,-,-,-,-,-,-,-,-
D19M10,19,44.49432,C,C,A,C,C,C,A,C,A,C,C,C,A,C,A,C,A,A,-,C,C,A,C,C,C,C,C,C,C,C,C,C,C,C,C,A,A,C,C,A,C,C,C,A,C,A,C,C,A,C,C,A,A,C,A,C,C,A,C,C,C,A,A,C,A,C,C,A,C,C,C,C,C,C,C,C,A,C,A,C,C,A,C,C,A,C,C,C,C,C,-,-,-,-,-,-,-,-,-,-,-,-,-,-,-,-,-,-,-,-,-,-,-,-,-,-,-,-,-,-
DXM186,X,0,H,H,H,H,A,A,H,A,A,H,A,H,H,A,A,A,A,A,A,A,H,H,A,H,A,-,A,H,A,H,H,H,H,H,A,A,A,A,H,A,A,A,A,H,H,A,A,H,A,A,A,H,H,A,A,H,H,A,A,A,A,A,H,H,H,A,A,H,H,H,H,H,A,H,H,A,A,H,H,H,H,H,A,A,A,A,A,H,A,A,A,A,A,A,A,A,H,H,H,A,A,A,A,A,H,H,A,A,A,A,H,H,A,A,A,A,A,H,H,A
DXM64,X,42.34593,H,H,H,A,A,H,H,-,H,A,H,H,H,H,A,A,H,A,H,H,A,A,A,H,A,H,A,A,H,H,H,H,H,H,H,A,H,A,H,H,H,A,H,H,H,A,-,-,H,A,A,H,A,H,A,H,H,H,A,A,A,-,H,H,H,A,A,H,H,A,A,H,H,H,H,H,A,A,H,H,A,H,A,A,A,A,H,A,A,H,A,H,A,A,H,H,H,-,A,A,A,A,A,H,H,H,H,A,A,A,H,H,A,H,A,A,H,H,A,A
